{
  "IcoMoonType": "selection",
  "icons": [
    {
      "icon": {
        "paths": [
          "M0 13.779h348.34v174.768h-348.34v-174.768z",
          "M0 276.211h581.527v174.768h-581.527v-174.768z",
          "M0 555.868h764.239v174.697h-764.239v-174.697z",
          "M0 835.524h1024v174.697h-1024v-174.697z",
          "M658.155 285.561l169.776 165.207c0 0 11.248 13.146 22.988 1.336 16.169-16.099 165.558-170.479 165.558-170.479s20.668-20.528-6.749-20.528c-27.488 0-71.074 0-71.074 0s0-11.881 0-30.159c0-56.17 0-165.488 0-207.317 0 0 0.281-9.842-12.373-9.842-12.724 0-156.981 0-174.768 0-17.716 0-14.693 11.74-14.693 11.74 0 42.954 0 148.686 0 206.895 0 20.317 0 33.533 0 33.533s-54.413 0-76.979 0-1.687 19.614-1.687 19.614z"
        ],
        "attrs": [
          {},
          {},
          {},
          {},
          {}
        ],
        "isMulticolor": false,
        "isMulticolor2": false,
        "grid": 0,
        "tags": [
          "sort"
        ]
      },
      "attrs": [
        {},
        {},
        {},
        {},
        {}
      ],
      "properties": {
        "order": 18,
        "id": 15,
        "name": "icon",
        "prevSize": 32,
        "code": 59648
      },
      "setIdx": 0,
      "setId": 2,
      "iconIdx": 0
    },
    {
      "icon": {
        "paths": [
          "M982.636 470.636h-941.272c-22.844 0-41.364 18.518-41.364 41.364s18.52 41.364 41.364 41.364h941.272c22.846 0 41.364-18.518 41.364-41.364 0-22.844-18.518-41.364-41.364-41.364z",
          "M982.636 156.878h-941.272c-22.844 0-41.364 18.52-41.364 41.364s18.52 41.364 41.364 41.364h941.272c22.846 0 41.364-18.52 41.364-41.364s-18.518-41.364-41.364-41.364z",
          "M982.636 784.394h-941.272c-22.844 0-41.364 18.518-41.364 41.364s18.52 41.364 41.364 41.364h941.272c22.846 0 41.364-18.518 41.364-41.364s-18.518-41.364-41.364-41.364z"
        ],
        "attrs": [
          {},
          {},
          {}
        ],
        "isMulticolor": false,
        "isMulticolor2": false,
        "tags": [
          "menu"
        ],
        "grid": 0
      },
      "attrs": [
        {},
        {},
        {}
      ],
      "properties": {
        "order": 17,
        "id": 0,
        "name": "menu",
        "prevSize": 32,
        "code": 59662
      },
      "setIdx": 0,
      "setId": 2,
      "iconIdx": 1
    },
    {
      "icon": {
        "paths": [
          "M989.385 201.696l-310.266 310.298 310.266 310.283c46.15 46.168 46.15 120.954 0 167.122-23.059 23.059-53.291 34.597-83.508 34.597-30.267 0-60.502-11.521-83.544-34.597l-310.333-310.318-310.31 310.316c-23.056 23.059-53.291 34.597-83.535 34.597-30.235 0-60.449-11.521-83.526-34.597-46.15-46.148-46.15-120.937 0-167.122l310.257-310.283-310.274-310.295c-46.15-46.15-46.15-120.954 0-167.105 46.142-46.115 120.901-46.115 167.061 0l310.324 310.298 310.301-310.298c46.168-46.115 120.937-46.115 167.069 0 46.168 46.15 46.168 120.954 0.018 167.105z"
        ],
        "attrs": [
          {}
        ],
        "isMulticolor": false,
        "isMulticolor2": false,
        "tags": [
          "delete"
        ],
        "grid": 0
      },
      "attrs": [
        {}
      ],
      "properties": {
        "order": 15,
        "id": 2,
        "name": "delete",
        "prevSize": 32,
        "code": 59658
      },
      "setIdx": 0,
      "setId": 2,
      "iconIdx": 2
    },
    {
      "icon": {
        "paths": [
          "M463.534 858.905c-46.427 46.427-121.76 46.427-168.165 0l-260.549-260.549c-46.427-46.405-46.427-121.737 0-168.142 46.405-46.427 121.737-46.427 168.165 0l155.236 155.213c11.719 11.696 30.742 11.696 42.484 0l420.333-420.333c46.405-46.427 121.737-46.427 168.165 0 22.295 22.295 34.82 52.544 34.82 84.071s-12.526 61.776-34.82 84.071l-525.668 525.668z"
        ],
        "attrs": [
          {}
        ],
        "isMulticolor": false,
        "isMulticolor2": false,
        "tags": [
          "check-mark"
        ],
        "grid": 0
      },
      "attrs": [
        {}
      ],
      "properties": {
        "order": 14,
        "id": 3,
        "name": "check-mark",
        "prevSize": 32,
        "code": 59659
      },
      "setIdx": 0,
      "setId": 2,
      "iconIdx": 3
    },
    {
      "icon": {
        "paths": [
          "M592.592 1024h-191.872v-512h-128v-176.45l128-0.058-0.208-103.952c0-143.952 39.034-231.54 208.6-231.54h141.176v176.484h-88.23c-66.032 0-69.208 24.656-69.208 70.684l-0.262 88.324h158.692l-18.708 176.45-139.852 0.058-0.128 512z"
        ],
        "attrs": [
          {}
        ],
        "isMulticolor": false,
        "isMulticolor2": false,
        "tags": [
          "facebook"
        ],
        "grid": 0
      },
      "attrs": [
        {}
      ],
      "properties": {
        "order": 13,
        "id": 4,
        "name": "facebook",
        "prevSize": 32,
        "code": 59660
      },
      "setIdx": 0,
      "setId": 2,
      "iconIdx": 4
    },
    {
      "icon": {
        "paths": [
          "M512 807.579l316.416 190.821-83.713-359.884 279.297-242.023-368.178-31.591-143.822-339.301-143.82 339.301-368.18 31.591 279.297 242.023-83.713 359.884z"
        ],
        "attrs": [
          {}
        ],
        "isMulticolor": false,
        "isMulticolor2": false,
        "tags": [
          "mark-as-favorite-star"
        ],
        "grid": 0
      },
      "attrs": [
        {}
      ],
      "properties": {
        "order": 12,
        "id": 5,
        "name": "mark-as-favorite-star",
        "prevSize": 32,
        "code": 59661
      },
      "setIdx": 0,
      "setId": 2,
      "iconIdx": 5
    },
    {
      "icon": {
        "paths": [
          "M640 128c0 70.692-57.308 128-128 128s-128-57.308-128-128c0-70.692 57.308-128 128-128s128 57.308 128 128z",
          "M703.744 603.904l-29.056-226.304c-3.264-32.832-30.656-57.6-63.616-57.6h-198.080c-33.024 0-60.416 24.768-63.616 56.768l-29.12 227.2c-1.152 9.088 1.664 18.304 7.744 25.152 6.080 6.912 14.784 10.88 24 10.88h35.84l25.408 198.4c3.264 32.768 30.72 57.6 63.744 57.6h70.080c33.024 0 60.416-24.832 63.616-56.768l25.472-199.232h35.84c9.216 0 17.92-3.968 24-10.88 6.144-6.848 8.96-16.064 7.744-25.216z",
          "M690.688 718.272l-7.936 61.696c134.784 19.712 213.248 59.264 213.248 84.032 0 33.856-145.792 96-384 96s-384-62.144-384-96c0-24.768 78.464-64.384 213.312-84.032l-7.936-61.696c-150.784 20.864-269.376 69.312-269.376 145.728 0 105.088 225.344 160 448 160s448-54.912 448-160c0-76.416-118.592-124.864-269.312-145.728z"
        ],
        "attrs": [
          {},
          {},
          {}
        ],
        "isMulticolor": false,
        "isMulticolor2": false,
        "tags": [
          "user"
        ],
        "grid": 0
      },
      "attrs": [
        {},
        {},
        {}
      ],
      "properties": {
        "order": 3,
        "id": 6,
        "name": "user",
        "prevSize": 32,
        "code": 59649
      },
      "setIdx": 0,
      "setId": 2,
      "iconIdx": 6
    },
    {
      "icon": {
        "paths": [
          "M512.003 542.255c126.795 0 229.594-120.316 229.594-268.731 0-205.812-102.794-268.729-229.594-268.729-126.805 0-229.594 62.917-229.594 268.729 0.003 148.415 102.792 268.731 229.594 268.731z",
          "M1018.995 937.791l-115.833-260.935c-5.298-11.94-14.606-21.843-26.19-27.875l-179.766-93.58c-3.964-2.060-8.764-1.659-12.328 1.039-50.844 38.456-110.625 58.783-172.874 58.783-62.259 0-122.035-20.327-172.879-58.783-3.574-2.698-8.374-3.098-12.338-1.039l-179.754 93.58c-11.59 6.031-20.887 15.929-26.19 27.875l-115.833 260.935c-7.986 17.989-6.349 38.571 4.38 55.071 10.724 16.498 28.873 26.343 48.552 26.343h908.119c19.678 0 37.833-9.85 48.557-26.346 10.724-16.498 12.366-37.087 4.38-55.069z"
        ],
        "attrs": [
          {},
          {}
        ],
        "isMulticolor": false,
        "isMulticolor2": false,
        "tags": [
          "user-silhouette"
        ],
        "grid": 0
      },
      "attrs": [
        {},
        {}
      ],
      "properties": {
        "order": 4,
        "id": 7,
        "name": "user-silhouette",
        "prevSize": 32,
        "code": 59650
      },
      "setIdx": 0,
      "setId": 2,
      "iconIdx": 7
    },
    {
      "icon": {
        "paths": [
          "M80.98 195.963l368.841 292.162c16.725 13.233 39.773 19.115 62.16 18.012 22.35 1.103 45.398-4.742 62.123-18.012l368.841-292.162c29.554-23.269 22.864-42.347-14.63-42.347h-832.595c-37.531 0-44.221 19.078-14.74 42.347z",
          "M969.596 273.047l-403.064 306.020c-15.071 11.322-34.811 16.836-54.477 16.578-19.703 0.257-39.443-5.293-54.514-16.578l-403.138-306.020c-29.922-22.68-54.404-10.513-54.404 27.018v502.093c0 37.531 30.731 68.262 68.262 68.262h887.476c37.531 0 68.262-30.731 68.262-68.262v-502.093c0-37.531-24.482-49.698-54.404-27.018z"
        ],
        "attrs": [
          {},
          {}
        ],
        "isMulticolor": false,
        "isMulticolor2": false,
        "tags": [
          "black-envelope"
        ],
        "grid": 0
      },
      "attrs": [
        {},
        {}
      ],
      "properties": {
        "order": 6,
        "id": 8,
        "name": "black-envelope",
        "prevSize": 32,
        "code": 59651
      },
      "setIdx": 0,
      "setId": 2,
      "iconIdx": 8
    },
    {
      "icon": {
        "paths": [
          "M965.716 168.004c-14.46-14.476-31.617-21.716-51.425-21.716h-73.134v-54.859c0-25.138-8.96-46.663-26.863-64.568-17.913-17.905-39.426-26.861-64.576-26.861h-36.562c-25.148 0-46.669 8.956-64.574 26.863-17.911 17.903-26.863 39.43-26.863 64.568v54.859h-219.417v-54.859c0-25.138-8.956-46.663-26.863-64.568-17.903-17.907-39.426-26.863-64.574-26.863h-36.568c-25.142 0-46.667 8.956-64.574 26.863-17.903 17.903-26.861 39.43-26.861 64.568v54.859h-73.136c-19.814 0-36.954 7.239-51.431 21.716-14.476 14.474-21.716 31.623-21.716 51.431v731.429c0 19.794 7.239 36.938 21.716 51.423 14.474 14.472 31.615 21.714 51.431 21.714h804.553c19.808 0 36.966-7.239 51.425-21.714 14.478-14.478 21.72-31.631 21.72-51.423v-731.431c-0.002-19.814-7.235-36.954-21.706-51.431zM274.29 950.856h-164.566v-164.578h164.566v164.578zM274.29 749.716h-164.566v-182.847h164.566v182.847zM274.29 530.281h-164.566v-164.564h164.566v164.564zM261.441 268.858c-3.621-3.621-5.428-7.898-5.428-12.855v-164.566c0-4.952 1.807-9.241 5.428-12.855 3.621-3.621 7.898-5.428 12.855-5.428h36.568c4.952 0 9.241 1.807 12.855 5.428 3.621 3.617 5.432 7.904 5.432 12.855v164.566c0 4.96-1.819 9.237-5.432 12.855-3.617 3.621-7.898 5.428-12.855 5.428h-36.568c-4.952 0.002-9.235-1.807-12.855-5.428zM493.719 950.856h-182.861v-164.578h182.861v164.578zM493.719 749.716h-182.861v-182.847h182.861v182.847zM493.719 530.281h-182.861v-164.564h182.861v164.564zM713.156 950.856h-182.859v-164.578h182.859v164.578zM713.156 749.716h-182.859v-182.847h182.859v182.847zM713.156 530.281h-182.859v-164.564h182.859v164.564zM700.293 268.858c-3.617-3.621-5.418-7.898-5.418-12.855v-164.566c0-4.952 1.801-9.241 5.418-12.855 3.619-3.621 7.904-5.428 12.863-5.428h36.562c4.96 0 9.241 1.807 12.863 5.428 3.619 3.617 5.418 7.904 5.418 12.855v164.566c0 4.96-1.807 9.237-5.418 12.855-3.617 3.621-7.904 5.428-12.863 5.428h-36.562c-4.958 0.002-9.259-1.807-12.863-5.428zM914.278 950.856h-164.574v-164.578h164.574v164.578zM914.278 749.716h-164.574v-182.847h164.574v182.847zM914.278 530.281h-164.574v-164.564h164.574v164.564z"
        ],
        "attrs": [
          {}
        ],
        "isMulticolor": false,
        "isMulticolor2": false,
        "tags": [
          "calendar-with-spring-binder-and-date-blocks"
        ],
        "grid": 0
      },
      "attrs": [
        {}
      ],
      "properties": {
        "order": 5,
        "id": 9,
        "name": "calendar-with-spring-binder-and-date-blocks",
        "prevSize": 32,
        "code": 59652
      },
      "setIdx": 0,
      "setId": 2,
      "iconIdx": 9
    },
    {
      "icon": {
        "paths": [
          "M807.526 458.001l-44.988-51.2c-12.425-14.131-33.929-15.497-48.128-3.14l-134.144 117.555v-487.083c0-18.842-15.292-34.133-34.133-34.133h-68.267c-18.842 0-34.133 15.292-34.133 34.133v487.083l-134.144-117.555c-14.131-12.356-35.635-10.991-48.128 3.14l-44.988 51.132c-12.493 14.199-11.059 35.84 3.14 48.265l269.926 236.271c12.902 11.264 32.085 11.264 44.988 0l269.858-236.271c14.199-12.425 15.633-34.065 3.14-48.196z",
          "M887.467 887.467h-750.933c-18.842 0-34.133 15.292-34.133 34.133v68.267c0 18.842 15.292 34.133 34.133 34.133h750.933c18.842 0 34.133-15.292 34.133-34.133v-68.267c0-18.842-15.292-34.133-34.133-34.133z"
        ],
        "attrs": [
          {},
          {}
        ],
        "isMulticolor": false,
        "isMulticolor2": false,
        "tags": [
          "download"
        ],
        "grid": 0
      },
      "attrs": [
        {},
        {}
      ],
      "properties": {
        "order": 7,
        "id": 10,
        "name": "download",
        "prevSize": 32,
        "code": 59653
      },
      "setIdx": 0,
      "setId": 2,
      "iconIdx": 10
    },
    {
      "icon": {
        "paths": [
          "M955.349 254.995c-45.786-78.439-107.891-140.545-186.333-186.328-78.456-45.781-164.101-68.667-257.001-68.667-92.891 0-178.553 22.886-257.003 68.667-78.446 45.776-140.552 107.882-186.338 186.328-45.788 78.451-68.674 164.122-68.674 257.006s22.893 178.546 68.667 257.001c45.783 78.423 107.889 140.545 186.335 186.333 78.451 45.779 164.115 68.667 257.003 68.667s178.562-22.888 257.008-68.667c78.442-45.772 140.545-107.894 186.326-186.333 45.774-78.456 68.658-164.124 68.658-257.001 0.002-92.884-22.884-178.567-68.648-257.006zM576.052 781.387c-4.467-5.322-6.010-9.775-4.668-13.345-0.446 2.228-2.003 4.226-4.665 5.999-2.221-2.662-6.235-5.999-12.005-9.994-5.786-4.014-9.779-7.339-12.002-10.022-0.897-1.326-2.109-3.213-3.668-5.658-1.557-2.445-3.554-5.665-5.999-9.669-2.431-3.995-4.205-7.447-5.322-10.342-1.104-2.891-1.207-4.553-0.336-4.985-8.439 3.563-20.665 1.118-36.663-7.337-3.108-1.775-7.783-6.442-14.001-14.001s-12.665-10.884-19.334-10.003c-2.218 0.446-5.221 1.221-9.002 2.333-3.771 1.118-6.996 1.663-9.665 1.663s-6.225-0.878-10.671-2.671c-3.549-1.324-8.327-3.89-14.328-7.661-5.996-3.771-10.113-6.12-12.329-6.991-5.777-3.117-8.665-4.668-8.665-4.668l-10.667-5.322c-2.669-1.324-5.45-3.437-8.338-6.328-2.888-2.893-4.771-5.896-5.66-9.006-0.887-2.66-1.999-7.998-3.332-16.004-1.333-8.009-3.115-13.777-5.333-17.326-2.662-4.441-6.44-8.887-11.334-13.329-4.883-4.441-9.326-6.681-13.329-6.681 3.559 0 3.559-2.98 0-8.997-3.559-6.010-6.669-10.342-9.338-12.992-0.89-0.897-3.559-3.78-8.002-8.679-4.444-4.892-8.222-9.102-11.332-12.675-3.108-3.554-5.786-7.661-8.002-12.336-2.218-4.668-2.669-8.551-1.333-11.668 0.441-0.439 0-1.111-1.336-1.996-1.333-0.878-2.994-1.782-4.999-2.669-1.996-0.88-3.888-1.663-5.66-2.333-1.786-0.656-3.12-0.992-4.005-0.992 0.894 1.791 1.891 5.004 3.005 9.669 1.111 4.675 2.333 8.121 3.664 10.342 0.894 1.775 4.668 8.229 11.334 19.32 11.563 18.666 16.887 32.46 16.004 41.345-2.669 0.88-4.451 0.446-5.338-1.326-0.89-1.772-1.562-4.219-2.001-7.334-0.444-3.101-0.883-5.322-1.336-6.664-1.333-2.669-4.778-5.562-10.337-8.679-5.553-3.099-9.002-6.216-10.333-9.333 0.448 0 0.995-0.208 1.667-0.67 0.67-0.446 1.231-0.654 1.67-0.654 0.451-3.998-1.882-9.109-6.996-15.344-5.114-6.216-7.215-10.657-6.333-13.329-3.559-2.669-6.669-7.895-9.338-15.661-2.667-7.783-4.892-12.787-6.669-15.012-1.775-2.657-3.991-4.99-6.662-6.996-2.669-1.994-5.996-4.215-10.001-6.662-4-2.445-6.669-4.107-8.002-4.999-0.892-0.437-2.664-2.428-5.333-5.987-14.664-17.784-19.108-27.341-13.329-28.672-5.777 1.331-10.557-2.998-14.335-13.006-3.78-9.996-4.999-17.672-3.668-23.003l-1.331-0.663c0.448-1.782 0.668-6.996 0.668-15.671 0-8.67 0.56-16.56 1.67-23.668 1.116-7.11 3.225-10.671 6.333-10.671-3.108 0.444-5.438-2.34-6.996-8.329-1.555-6.006-1.665-10.12-0.336-12.338 0.444-1.336 2.449-0.437 6.001 2.669 3.549 3.101 5.553 5.114 5.996 5.996 5.779-3.12 8.005-7.113 6.669-12.007-0.89-1.775-5.557-6.44-14.001-14.001-19.115-12.439-28.896-18.442-29.333-18.003 2.657-4.883 1.994-9.104-2.006-12.665-4.441 2.669-6.996 3.332-7.666 2.006-0.663-1.336-1.219-3.771-1.67-7.332-0.439-3.552-1.555-5.55-3.327-5.996-2.225-0.444-4.894-2.218-8.002-5.331 39.554-63.112 91.775-112.445 156.666-148.008 2.664-0.439 7.552-0.663 14.662-0.663 3.552 0.444 6.888 1.557 9.996 3.332 3.113 1.775 6.337 4.224 9.665 7.332 3.339 3.101 5.894 5.326 7.668 6.662 0.89-2.669-0.219-6.669-3.33-12.002 0.883-2.669 5.775-5.338 14.664-8.002 10.216-1.333 16.889-1.116 19.997 0.67-2.662-4.002-7.103-9.56-13.329-16.668l-3.332 3.327c-3.559-3.108-12.885-1.555-28 4.668-0.883 0.439-3.108 1.67-6.667 3.664-3.552 1.996-6.449 3.444-8.665 4.332-2.669 0.89-5.333 1.111-8.002 0.668 21.331-11.552 42.225-20.677 62.673-27.337 1.322 0.883 3.549 2.774 6.662 5.66 3.108 2.888 5.553 5.004 7.332 6.333-1.333-0.883-2.225-0.448-2.669 1.333-1.775 5.331-1.775 9.775 0 13.329 2.218 3.12 5.221 4.887 9.002 5.338 3.78 0.439 8.331 0.219 13.665-0.672 5.333-0.883 8.894-1.333 10.671-1.333l6.669 0.672c14.218 1.333 19.778 0 16.668-4.005 1.331 1.786 2.886 5.45 4.663 11.007 1.775 5.557 3.78 9.448 5.996 11.671 2.225-1.786 2.669-4.894 1.333-9.338-1.333-4.444-1.333-7.563 0-9.338 0.439-0.883 1.775-1.782 4-2.669 2.225-0.883 4.778-1.882 7.668-2.994 2.888-1.116 4.778-1.891 5.674-2.333 2.664-1.782 0.883-4.894-5.338-9.338-0.89-0.446-2.774-1.111-5.66-2.001-2.888-0.876-5.45-1.777-7.668-2.662-2.218-0.883-4.551-2.109-6.996-3.664-2.445-1.557-3.559-3.332-3.341-5.338 0.224-2.006 1.452-4.556 3.668-7.668 2.669-2.216 7.005-3.108 13.002-2.664 5.996 0.439 10.557 1.548 13.665 3.327 12.007 6.669 13.779 12.679 5.338 18.003 4.451 0.439 9.784 2.218 16.004 5.326 6.216 3.115 8.661 6.449 7.332 10.008 3.556-6.667 7.108-10.008 10.669-10.008 2.218 0.451 4.339 3.454 6.333 9.009 1.996 5.553 3.215 8.551 3.657 9.002 3.563 4.883 7.096 5.996 10.676 3.327 3.549-2.664 7.225-6.552 10.996-11.666 3.771-5.107 5.882-7.439 6.33-6.996-4.444-1.77-4.908-3.552-1.326-5.331 6.648-4 12.658-5.114 17.996-3.327 1.324 0.883 3.115 2.888 5.319 5.989 3.988 8.012 3.325 11.783-1.996 11.339 3.995 3.559 5.651 8.007 5.004 13.333-0.67 5.333-4.133 7.78-10.349 7.332-2.214 0-5.45-1.116-9.679-3.332-4.219-2.218-7.439-3.437-9.669-3.664-2.221-0.231-5.338 0.995-9.333 3.664-1.775 2.225-4.107 6.006-7.001 11.334-2.891 5.343-5.45 9.114-7.671 11.332-6.662 6.667-17.784 9.116-33.338 7.332 1.336 0 1.219 1.333-0.336 4.002-1.562 2.664-3.664 5.67-6.333 8.999-2.669 3.332-4.224 5.221-4.663 5.665-4.002 4.444-6.667 9.557-8.002 15.334 0 0.89-0.224 3.893-0.672 8.997-0.451 5.114-1.333 9.009-2.669 11.671 5.333-1.333 9.557 1.343 12.665 8.002 2.669 6.225 2.669 9.557 0 10.006 14.671-2.214 27.561-1.331 38.68 2.669 15.997 5.777 25.123 11.554 27.344 17.333 2.655-4.005 9.095-4.231 19.323-0.672 4.002 2.218 7.542 8.894 10.674 19.997 1.775 6.662 4.78 12.446 8.999 17.331 4.229 4.887 8.775 6.218 13.672 4l1.992-1.333c1.782-0.883 3.22-1.665 4.329-2.33 1.118-0.663 2.333-1.555 3.659-2.669 1.343-1.111 2.125-2.111 2.333-2.994 0.208-0.887-0.112-1.786-0.99-2.669-3.117-2.669-5.45-6.333-7.001-10.993-1.541-4.668-1.207-8.782 1.009-12.343 1.324-1.775 4.883-4.444 10.657-8.002 5.786-3.561 9.343-7.113 10.667-10.669 1.8-5.777-0.439-10.557-6.657-14.34-6.223-3.771-9.34-7.215-9.34-10.333 0-2.225 1.445-4.887 4.329-8.002 2.9-3.108 4.124-6.006 3.668-8.665 0-1.343-0.785-4.114-2.335-8.338-1.541-4.231-2.445-7.339-2.662-9.338-0.224-2.001 0.785-4.334 2.996-6.996 3.101-1.782 10.438-1.67 21.992 0.327 11.556 2.006 19.117 4.117 22.68 6.333 1.34 0.883 4.226 2.218 8.67 4.002 4.441 1.765 8.334 3.654 11.675 5.663 3.316 1.996 5.207 3.879 5.649 5.66h-3.325c3.108 2.676 5.004 5.777 5.658 9.338 0.672 3.568-0.99 6.228-4.985 8.012 2.653-0.451 6.223 0.219 10.667 1.996 7.113 2.664 7.337 5.114 0.67 7.332 1.326-0.451 3.213-0.887 5.651-1.336 2.445-0.444 4.325-1.114 5.665-1.996 0.88-0.448 1.996-1.219 3.325-2.335 1.343-1.111 2.333-1.782 3.005-1.994 0.67-0.219 1.66-0.451 3.003-0.672 1.326-0.219 2.655 0.117 3.979 0.999 0.465 0 1.455-1.114 3.005-3.332 1.541-2.216 3.229-4.441 4.995-6.66 1.784-2.218 3.325-3.327 4.668-3.327 1.317 0 2.55 0.546 3.65 1.658 1.125 1.116 1.996 2.333 2.671 3.668 0.67 1.336 1.324 2.781 1.996 4.327 0.67 1.555 1.214 2.786 1.663 3.668 0.878 2.218 3.003 4.56 6.328 6.996 3.325 2.438 5.434 4.778 6.328 6.996 0.448 1.336 1.319 4.67 2.662 10.010 1.326 5.333 3.117 8.997 5.331 10.993 2.221 2.006 5.553 3.668 9.994 4.999 0.89 0.451 2.902 0.224 6.001-0.658 3.101-0.894 5.667-1.116 7.664-0.672 2.013 0.439 3.003 2.214 3.003 5.333 2.662-2.669 3.988-4.451 3.988-5.333 0.455 5.779 1.887 10.449 4.348 14.001 2.445 3.549 6.328 5.114 11.666 4.663l-1.343 14.671c-1.326 2.218-4.658 3.881-10.003 4.99-5.338 1.116-8.663 2.123-10.006 3.005-1.326 0.444-4.553 3.11-9.669 8.005-5.114 4.894-7.208 7.783-6.328 8.665-7.542-8.446-18.893-10.891-33.996-7.332-16.882 2.667-28.448 5.333-34.664 8.002-7.106 3.561-12.005 6.888-14.671 9.996-0.446 0.444-1.207 2.006-2.326 4.668-1.111 2.664-2.221 5.114-3.325 7.332-1.125 2.218-2.109 3.33-2.996 3.33 2.676-0.432 5.667-2.555 8.999-6.326 3.341-3.78 5.45-5.882 6.33-6.333 11.545-7.552 21.102-10.221 28.703-7.946 9.775 2.669 11.332 6.228 4.658 10.671-0.871 0.883-3.22 1.217-6.991 0.999-3.771-0.219-6.33-0.117-7.671 0.336 4.012 0.883 7.334 2.109 10.020 3.654 2.653 1.555 3.325 3.668 1.989 6.333 7.106 4.002 8.446 8.446 4.005 13.34-5.786 5.786-12.658 8.222-20.665 7.332 1.343 0 1.343 0.892 0 2.667l-11.346 7.332c-0.88 0.437-3.771 1.546-8.663 3.332-4.89 1.765-8.229 3.78-10.003 5.996-1.326 1.779-1.996 4.444-1.996 8.012 0 3.561-0.224 6.23-0.67 8.005-0.439 1.786-2.223 2.216-5.322 1.333-1.343 2.664-5.45 4.778-12.338 6.323-6.888 1.555-11.442 3.888-13.665 6.996 2.653 3.561 2.445 7.113-0.672 10.671-5.338 4.451-10.003 4-13.999-1.333-2.221 0.89-3.893 3.108-5.004 6.669-1.102 3.559-2.779 6.003-4.988 7.332 3.117 4.89 2.655 8.455-1.324 10.667 0.432 0 1.438 0.451 2.987 1.336 1.55 0.887 3.213 1.996 5.004 3.332 1.775 1.336 2.874 2.006 3.325 2.006-1.775 3.991-4.229 5.989-7.337 5.989 2.669 7.115-0.656 14.898-9.987 23.337-1.793 1.775-4.572 3.549-8.343 5.333-3.797 1.775-7.232 3.215-10.349 4.329s-4.883 1.889-5.329 2.333c-4.444 4.007-7.785 8.114-9.996 12.334-2.214 4.229-2.55 8.334-1.009 12.338 1.56 4.012 5.667 6.664 12.345 8.007l0.647 5.329v11.995l0.67 5.338c0.455 3.108 0.792 5.889 1.009 8.341 0.217 2.447 0.217 5.546 0 9.333-0.217 3.771-1.221 5.889-2.996 6.321-1.765 0.455-4.212 0-7.33-1.333-3.57-1.775-7.783-11.554-12.682-29.328-0.887-4.441-3.563-9.765-8.007-15.997-2.221 2.221-4.107 3.659-5.658 4.325-1.543 0.67-2.671 0.792-3.318 0.336-0.67-0.439-1.894-1.445-3.673-2.996-1.775-1.55-3.318-2.781-4.658-3.659-2.223-1.326-6.106-2.447-11.675-3.325-5.546-0.887-9.009-2.006-10.326-3.332-10.678 8.014-17.128 5.999-19.346-5.985-0.883 2.214-0.775 5.21 0.336 8.999 1.116 3.778 1.67 5.882 1.67 6.328-3.108 5.786-7.995 6.216-14.664 1.326-2.669-2.655-8.782-2.989-18.34-0.992-9.557 1.992-15.89 2.326-18.998 0.992 0.451 0 1.333 0.663 2.669 2.003 1.331 0.871 2.225 1.543 2.667 1.992-0.448 1.784-1.111 3.108-2.006 3.995-0.892 0.88-1.782 1.217-2.667 1.009-0.89-0.224-1.889-0.224-3.005 0-1.111 0.208-2.109 0.542-3.001 0.99-1.777 1.326-3.995 3.659-6.664 6.991-2.664 3.334-4.663 5.443-5.996 6.321 2.662 7.113 3.888 12.563 3.668 16.334-0.231 3.787-0.89 9.343-2.006 16.67s-1.67 13.226-1.67 17.676c0 7.094 2.113 15.341 6.333 24.661 4.224 9.333 9.221 15.773 15 19.337 3.12 1.775 8.455 2.877 16.004 3.318 7.554 0.453 12.89 0 15.997-1.326 2.669-1.317 4.663-2.884 5.996-4.658s2.449-4.348 3.332-7.671c0.89-3.325 1.562-5.658 2.006-6.984 3.108-8.455 8.885-12.897 17.319-13.345 5.354-0.446 9.221 0.128 11.682 1.663 2.445 1.557 3.437 3.666 2.989 6.337-0.448 2.66-1.333 5.441-2.655 8.331-1.34 2.893-3.003 6.106-5.006 9.672-1.987 3.57-3.218 6.232-3.647 8.016-0.89 3.554-1.679 8.549-2.333 15.007-0.67 6.44-1.233 10.333-1.679 11.673 0.897 0.434 4.224 0.656 9.996 0.656 0-0.88 0.336-2.335 1.006-4.332 0.656-1.996 0.992-3.22 0.992-3.659 2.23 3.563 5.786 5.546 10.676 5.994 4.89 0.446 8.453-1.326 10.674-5.331 0.897 1.336 3.563 4.675 8.009 10.013 4.441 5.322 6.886 9.765 7.337 13.329 0.446 1.791 1.324 4.668 2.653 8.679 1.343 3.995 1.791 6.776 1.343 8.341-0.446 1.534-2.671 2.326-6.664 2.326-1.775 0-2.891 0.67-3.325 1.996-0.462 1.343-0.462 2.996 0 4.995 0.448 1.996 1.009 3.893 1.663 5.667 0.663 1.765 1.55 3.668 2.655 5.667 1.133 1.982 1.679 3.211 1.679 3.657 7.991 14.655 18.891 18.659 32.665 12.005 0 12.883-3.115 19.993-9.35 21.319-3.514 0.883-7.503-1.361-11.946-6.683zM586.008 932.001c-0.878-4.444-1.326-7.993-1.277-10.646-0.465-3.563 1.102-8.343 4.649-14.337 3.554-5.992 5.329-10.557 5.329-13.665-7.11-1.775-9.775-7.559-8.014-17.333 0.894-6.671 7.334-15.558 19.337-26.666 8.453-7.559 11.108-18.237 8.007-32.002-1.343-5.779-2.461-14.232-3.341-25.342-0.878-11.115-1.775-18.891-2.669-23.332 0 1.326 2.109 2.55 6.344 3.659 4.222 1.102 6.776 2.557 7.664 4.315 0.887-1.317 1.992-3.771 3.332-7.32 1.326-3.563 2.671-6.223 3.979-8.007 0.897-1.333 2.781-2.996 5.677-5.004 2.891-1.996 4.778-3.211 5.665-3.659 0.871-0.439 2.884-1.877 5.985-4.329 3.115-2.445 5.674-4.325 7.678-5.658 2.013-1.333 4.658-2.333 8-2.989 3.341-0.67 5.667 0.322 6.991 2.989 2.23 2.671 1.791 6.776-1.324 12.338-3.117 5.562-3.117 9.452 0 11.682 0.453-1.343 0.887-4.243 1.324-8.686 0.455-4.444 1.791-7.776 4.005-10.013 2.669-2.653 5.217-4.219 7.671-4.651 2.445-0.462 4.658-0.128 6.65 0.999 2.013 1.111 4.346 2.646 7.001 4.658 2.669 1.996 5.111 3.222 7.334 3.659 6.664 2.223 14.671 7.113 24.004 14.671-0.446-0.453-0.446-1.006 0-1.679 0.448-0.654 1.326-1.324 2.671-1.996 1.326-0.654 2.541-1.324 3.659-1.996 1.102-0.663 2.316-1.198 3.659-1.653l1.996-0.67c3.101 0 5.329-0.217 6.657-0.672 1.324-0.439 3.236 0 5.665 1.343 2.431 1.326 4.11 2.326 4.988 2.996 0.894 0.654 2.445 1.877 4.668 3.659 2.221 1.775 3.787 3.117 4.649 3.995 1.343 0.878 3.787 2.445 7.337 4.668 3.563 2.221 6.344 3.995 8.343 5.319 2.013 1.326 3.785 3.341 5.319 5.985 1.55 2.685 2.127 5.571 1.679 8.686 2.671 0.448 7.993 2.214 16 5.322 1.343 0.88 4.107 1.672 8.341 2.326 4.222 0.67 7.001 1.679 8.334 2.996-64.396 68.041-142.411 110.042-233.963 126.042z"
        ],
        "attrs": [
          {}
        ],
        "isMulticolor": false,
        "isMulticolor2": false,
        "tags": [
          "earth-globe"
        ],
        "grid": 0
      },
      "attrs": [
        {}
      ],
      "properties": {
        "order": 8,
        "id": 11,
        "name": "earth-globe",
        "prevSize": 32,
        "code": 59654
      },
      "setIdx": 0,
      "setId": 2,
      "iconIdx": 11
    },
    {
      "icon": {
        "paths": [
          "M450.547 519.024c144.192-0.008 196.073-144.382 209.654-262.976 16.73-146.094-52.356-256.049-209.654-256.049-157.278 0-226.399 109.946-209.656 256.049 13.595 118.593 65.461 262.986 209.656 262.976z",
          "M765.837 579.121c4.64 0 9.249 0.139 13.827 0.393-6.862-9.788-14.804-18.422-24.099-25.362-27.707-20.679-63.59-27.464-95.312-39.929-15.442-6.065-29.269-12.091-42.25-18.951-43.811 48.046-100.943 73.179-167.473 73.186-66.508 0-123.635-25.133-167.441-73.186-12.981 6.862-26.811 12.885-42.25 18.951-31.722 12.467-67.604 19.25-95.312 39.929-47.917 35.765-60.301 116.221-70.030 171.102-8.030 45.304-13.424 91.536-14.999 137.552-1.22 35.644 16.379 40.642 46.199 51.402 37.338 13.466 75.89 23.463 114.701 31.659 74.954 15.828 152.216 27.991 229.145 28.535 37.276-0.266 74.627-3.273 111.757-8.087-27.492-39.834-43.617-88.086-43.617-140.039 0.002-136.284 110.873-247.155 247.154-247.155z",
          "M765.837 628.552c-109.197 0-197.724 88.527-197.724 197.724s88.526 197.724 197.724 197.724 197.726-88.527 197.726-197.724c-0.002-109.198-88.529-197.724-197.726-197.724zM852.341 860.198h-52.58v52.579c0 18.737-15.188 33.926-33.923 33.926-18.737 0-33.926-15.189-33.926-33.926v-52.579h-52.579c-18.737 0-33.926-15.188-33.926-33.926 0-18.737 15.188-33.926 33.926-33.926h52.579v-52.579c0-18.737 15.189-33.926 33.926-33.926s33.923 15.189 33.923 33.926v52.579h52.58c18.737 0 33.926 15.189 33.926 33.926-0.002 18.74-15.188 33.926-33.926 33.926z"
        ],
        "attrs": [
          {},
          {},
          {}
        ],
        "isMulticolor": false,
        "isMulticolor2": false,
        "tags": [
          "new-user"
        ],
        "grid": 0
      },
      "attrs": [
        {},
        {},
        {}
      ],
      "properties": {
        "order": 9,
        "id": 12,
        "name": "new-user",
        "prevSize": 32,
        "code": 59655
      },
      "setIdx": 0,
      "setId": 2,
      "iconIdx": 12
    },
    {
      "icon": {
        "paths": [
          "M1023.511 807.94c2.17 16.624-2.896 31.077-15.177 43.361l-144.177 143.088c-6.504 7.227-14.994 13.375-25.473 18.429-10.479 5.061-20.776 8.313-30.89 9.756-0.723 0-2.896 0.186-6.511 0.547-3.608 0.36-8.306 0.544-14.087 0.544-13.735 0-35.959-2.349-66.674-7.048s-68.293-16.264-112.734-34.689c-44.453-18.429-94.859-46.075-151.227-82.929-56.368-36.852-116.353-87.444-179.95-151.765-50.588-49.866-92.504-97.563-125.748-143.091-33.244-45.531-59.983-87.628-80.219-126.292-20.237-38.664-35.414-73.714-45.531-105.152s-16.983-58.538-20.597-81.303-5.059-40.651-4.336-53.66c0.723-13.008 1.084-20.235 1.084-21.681 1.445-10.118 4.697-20.416 9.756-30.895s11.202-18.971 18.429-25.475l144.177-144.177c10.118-10.118 21.681-15.177 34.689-15.177 9.395 0 17.706 2.71 24.933 8.13s13.37 12.105 18.429 20.055l115.992 220.059c6.504 11.563 8.311 24.21 5.42 37.941s-9.034 25.294-18.429 34.689l-53.118 53.118c-1.445 1.445-2.71 3.794-3.794 7.046s-1.626 5.962-1.626 8.13c2.891 15.177 9.395 32.521 19.513 52.034 8.672 17.345 22.042 38.483 40.109 63.416s43.723 53.658 76.967 86.179c32.521 33.247 61.429 59.080 86.723 77.512 25.289 18.422 46.435 31.977 63.418 40.65s29.992 13.912 39.024 15.713l13.547 2.712c1.445 0 3.799-0.544 7.048-1.626 3.252-1.086 5.601-2.349 7.048-3.796l61.788-62.874c13.016-11.561 28.185-17.343 45.531-17.343 12.289 0 22.040 2.166 29.267 6.504h1.082l209.217 123.58c15.182 9.402 24.214 21.323 27.106 35.777z"
        ],
        "attrs": [
          {}
        ],
        "isMulticolor": false,
        "isMulticolor2": false,
        "tags": [
          "phone-receiver"
        ],
        "grid": 0
      },
      "attrs": [
        {}
      ],
      "properties": {
        "order": 10,
        "id": 13,
        "name": "phone-receiver",
        "prevSize": 32,
        "code": 59656
      },
      "setIdx": 0,
      "setId": 2,
      "iconIdx": 13
    },
    {
      "icon": {
        "paths": [
          "M512 0c-188.208 0-341.334 153.126-341.334 341.334 0 56.5 14.126 112.52 40.98 162.208l281.688 509.458c3.75 6.792 10.896 11 18.666 11s14.916-4.208 18.666-11l281.792-509.626c26.75-49.52 40.876-105.542 40.876-162.042-0-188.206-153.126-341.332-341.334-341.332zM512 512c-94.104 0-170.666-76.562-170.666-170.666s76.562-170.666 170.666-170.666 170.666 76.562 170.666 170.666c0 94.104-76.562 170.666-170.666 170.666z"
        ],
        "attrs": [
          {}
        ],
        "isMulticolor": false,
        "isMulticolor2": false,
        "tags": [
          "pin"
        ],
        "grid": 0
      },
      "attrs": [
        {}
      ],
      "properties": {
        "order": 11,
        "id": 14,
        "name": "pin",
        "prevSize": 32,
        "code": 59657
      },
      "setIdx": 0,
      "setId": 2,
      "iconIdx": 14
    }
  ],
  "height": 1024,
  "metadata": {
    "name": "icomoon"
  },
  "preferences": {
    "showGlyphs": true,
    "showQuickUse": true,
    "showQuickUse2": true,
    "showSVGs": true,
    "fontPref": {
      "prefix": "icon-",
      "metadata": {
        "fontFamily": "icomoon"
      },
      "metrics": {
        "emSize": 1024,
        "baseline": 6.25,
        "whitespace": 50
      },
      "embed": false
    },
    "imagePref": {
      "prefix": "icon-",
      "png": true,
      "useClassSelector": true,
      "color": 0,
      "bgColor": 16777215,
      "classSelector": ".icon"
    },
    "historySize": 50,
    "showCodes": true,
    "gridSize": 16
  }
}